{"initial_reset_timestamp": 101220.905551484, "timestamps": [101255.02868595], "episode_lengths": [1000], "episode_rewards": [-6429.042615537595], "episode_types": ["t"]}