{"initial_reset_timestamp": 96845.124671706, "timestamps": [96881.426170839], "episode_lengths": [1000], "episode_rewards": [-1669.6466083317437], "episode_types": ["t"]}