{"initial_reset_timestamp": 76437.484104265, "timestamps": [76469.384387687], "episode_lengths": [1000], "episode_rewards": [575.9809368843842], "episode_types": ["t"]}