{"initial_reset_timestamp": 72886.252247543, "timestamps": [72918.940537597], "episode_lengths": [1000], "episode_rewards": [-1642.8116605449566], "episode_types": ["t"]}