{"initial_reset_timestamp": 81333.744370601, "timestamps": [81368.059410454], "episode_lengths": [1000], "episode_rewards": [-1669.6466083317437], "episode_types": ["t"]}