{"initial_reset_timestamp": 84916.680873148, "timestamps": [84948.391166836], "episode_lengths": [1000], "episode_rewards": [-444.83736797091274], "episode_types": ["t"]}