{"initial_reset_timestamp": 57590.811888995, "timestamps": [57596.273905394], "episode_lengths": [1000], "episode_rewards": [1000.0], "episode_types": ["t"]}