{"initial_reset_timestamp": 106172.048660781, "timestamps": [106204.116414752], "episode_lengths": [1000], "episode_rewards": [-1738.1344757309612], "episode_types": ["t"]}