{"initial_reset_timestamp": 110131.902499318, "timestamps": [110164.087005188], "episode_lengths": [1000], "episode_rewards": [684.3459729162946], "episode_types": ["t"]}