{"initial_reset_timestamp": 77136.71973556, "timestamps": [77168.667037876], "episode_lengths": [1000], "episode_rewards": [-1738.1344757309612], "episode_types": ["t"]}