{"initial_reset_timestamp": 80950.25540739, "timestamps": [80988.310046231], "episode_lengths": [1000], "episode_rewards": [-326.1455414214974], "episode_types": ["t"]}