{"initial_reset_timestamp": 72703.151466422, "timestamps": [72708.803628953], "episode_lengths": [1000], "episode_rewards": [1000.0], "episode_types": ["t"]}