{"initial_reset_timestamp": 130429.139194635, "timestamps": [130461.598670815], "episode_lengths": [1000], "episode_rewards": [-1424.7670611498804], "episode_types": ["t"]}