{"initial_reset_timestamp": 134370.7200891, "timestamps": [134402.38120956], "episode_lengths": [1000], "episode_rewards": [596.6826882691706], "episode_types": ["t"]}